[{"model": "admin.logentry", "pk": 438, "fields": {"action_time": "2023-05-10T07:15:47.196Z", "user": 7, "content_type": 11, "object_id": "35", "object_repr": "asdsadsadasd", "action_flag": 2, "change_message": "[{\"changed\": {\"fields\": [\"Upvotes\", \"Downvotes\"]}}]"}}, {"model": "admin.logentry", "pk": 439, "fields": {"action_time": "2023-05-25T22:00:23.075Z", "user": 7, "content_type": 13, "object_id": "17", "object_repr": "Sudhanshu+Sudhanshu", "action_flag": 3, "change_message": ""}}, {"model": "admin.logentry", "pk": 440, "fields": {"action_time": "2023-05-25T22:11:40.531Z", "user": 7, "content_type": 13, "object_id": "15", "object_repr": "admin+NewUser", "action_flag": 3, "change_message": ""}}, {"model": "admin.logentry", "pk": 441, "fields": {"action_time": "2023-05-26T16:03:45.671Z", "user": 7, "content_type": 7, "object_id": "12", "object_repr": "soccer", "action_flag": 2, "change_message": "[{\"changed\": {\"fields\": [\"Approval\"]}}]"}}, {"model": "admin.logentry", "pk": 442, "fields": {"action_time": "2023-05-26T18:27:56.974Z", "user": 7, "content_type": 9, "object_id": "70", "object_repr": "Test this", "action_flag": 1, "change_message": "[{\"added\": {}}]"}}, {"model": "admin.logentry", "pk": 443, "fields": {"action_time": "2023-05-26T18:29:01.253Z", "user": 7, "content_type": 9, "object_id": "70", "object_repr": "Test this", "action_flag": 2, "change_message": "[{\"changed\": {\"fields\": [\"Group\"]}}]"}}, {"model": "admin.logentry", "pk": 444, "fields": {"action_time": "2023-05-26T21:09:18.670Z", "user": 7, "content_type": 11, "object_id": "40", "object_repr": "<p>sdsfbgb</p>\r\n\r\n<pre>\r\n<code class=\"language-css\">fdbfddfbfdb</code></pre...", "action_flag": 1, "change_message": "[{\"added\": {}}]"}}, {"model": "admin.logentry", "pk": 445, "fields": {"action_time": "2023-05-26T23:10:59.563Z", "user": 7, "content_type": 6, "object_id": "7", "object_repr": "dell", "action_flag": 2, "change_message": "[{\"changed\": {\"fields\": [\"New follower\"]}}]"}}, {"model": "admin.logentry", "pk": 446, "fields": {"action_time": "2023-05-28T22:43:37.218Z", "user": 7, "content_type": 7, "object_id": "12", "object_repr": "soccer", "action_flag": 2, "change_message": "[{\"changed\": {\"fields\": [\"Approval\"]}}]"}}, {"model": "admin.logentry", "pk": 447, "fields": {"action_time": "2023-05-29T05:50:17.845Z", "user": 7, "content_type": 13, "object_id": "21", "object_repr": "NewUser+JaneDoe", "action_flag": 3, "change_message": ""}}, {"model": "admin.logentry", "pk": 448, "fields": {"action_time": "2023-05-29T05:50:18.005Z", "user": 7, "content_type": 13, "object_id": "20", "object_repr": "JaneDoe+dell", "action_flag": 3, "change_message": ""}}, {"model": "admin.logentry", "pk": 449, "fields": {"action_time": "2023-05-29T05:50:18.129Z", "user": 7, "content_type": 13, "object_id": "19", "object_repr": "NewUser+JhonDoe", "action_flag": 3, "change_message": ""}}, {"model": "admin.logentry", "pk": 450, "fields": {"action_time": "2023-05-29T05:50:18.240Z", "user": 7, "content_type": 13, "object_id": "18", "object_repr": "NewUser+dell", "action_flag": 3, "change_message": ""}}, {"model": "admin.logentry", "pk": 451, "fields": {"action_time": "2023-05-29T05:50:18.406Z", "user": 7, "content_type": 13, "object_id": "16", "object_repr": "dell+Sudhanshu", "action_flag": 3, "change_message": ""}}, {"model": "admin.logentry", "pk": 452, "fields": {"action_time": "2023-05-29T05:50:18.540Z", "user": 7, "content_type": 13, "object_id": "12", "object_repr": "Sudhanshu+JhonDoe", "action_flag": 3, "change_message": ""}}, {"model": "admin.logentry", "pk": 453, "fields": {"action_time": "2023-05-29T05:50:18.707Z", "user": 7, "content_type": 13, "object_id": "11", "object_repr": "admin+JhonDoe", "action_flag": 3, "change_message": ""}}, {"model": "admin.logentry", "pk": 454, "fields": {"action_time": "2023-05-29T05:50:18.841Z", "user": 7, "content_type": 13, "object_id": "9", "object_repr": "admin+Sudhanshu", "action_flag": 3, "change_message": ""}}, {"model": "admin.logentry", "pk": 455, "fields": {"action_time": "2023-05-29T05:55:48.078Z", "user": 7, "content_type": 7, "object_id": "6", "object_repr": "samsung", "action_flag": 2, "change_message": "[]"}}, {"model": "admin.logentry", "pk": 456, "fields": {"action_time": "2023-05-29T05:55:59.250Z", "user": 7, "content_type": 7, "object_id": "2", "object_repr": "test2", "action_flag": 2, "change_message": "[{\"changed\": {\"fields\": [\"Blocked\"]}}]"}}, {"model": "admin.logentry", "pk": 457, "fields": {"action_time": "2023-05-29T05:58:12.170Z", "user": 7, "content_type": 6, "object_id": "4", "object_repr": "JaneDoe", "action_flag": 2, "change_message": "[{\"changed\": {\"fields\": [\"Visited groups\"]}}]"}}, {"model": "admin.logentry", "pk": 458, "fields": {"action_time": "2023-05-29T06:16:30.079Z", "user": 7, "content_type": 7, "object_id": "13", "object_repr": "football", "action_flag": 2, "change_message": "[{\"changed\": {\"fields\": [\"Approval\"]}}]"}}, {"model": "admin.logentry", "pk": 459, "fields": {"action_time": "2023-06-04T13:08:40.010Z", "user": 7, "content_type": 6, "object_id": "8", "object_repr": "LastUser", "action_flag": 1, "change_message": "[{\"added\": {}}]"}}, {"model": "admin.logentry", "pk": 460, "fields": {"action_time": "2023-06-04T13:54:17.613Z", "user": 7, "content_type": 9, "object_id": "73", "object_repr": "asc", "action_flag": 2, "change_message": "[{\"changed\": {\"fields\": [\"Downvotes\"]}}]"}}, {"model": "admin.logentry", "pk": 461, "fields": {"action_time": "2023-06-04T13:59:16.717Z", "user": 7, "content_type": 9, "object_id": "60", "object_repr": "MI won against HaarCB", "action_flag": 2, "change_message": "[{\"changed\": {\"fields\": [\"Content\", \"Upvotes\"]}}]"}}, {"model": "admin.logentry", "pk": 462, "fields": {"action_time": "2023-06-04T14:19:09.263Z", "user": 7, "content_type": 9, "object_id": "79", "object_repr": "Error HEre", "action_flag": 2, "change_message": "[{\"changed\": {\"fields\": [\"Upvotes\"]}}]"}}, {"model": "admin.logentry", "pk": 463, "fields": {"action_time": "2023-06-04T15:39:44.999Z", "user": 7, "content_type": 6, "object_id": "7", "object_repr": "dell", "action_flag": 2, "change_message": "[{\"changed\": {\"fields\": [\"Visited groups\"]}}]"}}, {"model": "admin.logentry", "pk": 464, "fields": {"action_time": "2023-06-04T15:42:51.225Z", "user": 7, "content_type": 6, "object_id": "7", "object_repr": "dell", "action_flag": 2, "change_message": "[{\"changed\": {\"fields\": [\"Visited groups\"]}}]"}}, {"model": "admin.logentry", "pk": 465, "fields": {"action_time": "2023-06-04T18:14:55.924Z", "user": 7, "content_type": 7, "object_id": "7", "object_repr": "c", "action_flag": 2, "change_message": "[{\"changed\": {\"fields\": [\"Admins request\"]}}]"}}, {"model": "admin.logentry", "pk": 466, "fields": {"action_time": "2023-06-04T18:15:28.845Z", "user": 7, "content_type": 7, "object_id": "7", "object_repr": "c", "action_flag": 2, "change_message": "[{\"changed\": {\"fields\": [\"Admins\", \"Moderator\", \"Admins request\", \"Member\"]}}]"}}, {"model": "admin.logentry", "pk": 467, "fields": {"action_time": "2023-06-04T18:19:04.820Z", "user": 7, "content_type": 7, "object_id": "7", "object_repr": "c", "action_flag": 2, "change_message": "[{\"changed\": {\"fields\": [\"Admins request\", \"Moderator request\", \"Member\", \"Approval\"]}}]"}}, {"model": "admin.logentry", "pk": 468, "fields": {"action_time": "2023-06-04T18:24:32.113Z", "user": 7, "content_type": 7, "object_id": "7", "object_repr": "c", "action_flag": 2, "change_message": "[{\"changed\": {\"fields\": [\"Member\"]}}]"}}, {"model": "admin.logentry", "pk": 469, "fields": {"action_time": "2023-06-04T18:28:25.147Z", "user": 7, "content_type": 7, "object_id": "7", "object_repr": "c", "action_flag": 2, "change_message": "[{\"changed\": {\"fields\": [\"Moderator\"]}}]"}}, {"model": "admin.logentry", "pk": 470, "fields": {"action_time": "2023-06-04T18:28:53.449Z", "user": 7, "content_type": 7, "object_id": "7", "object_repr": "c", "action_flag": 2, "change_message": "[{\"changed\": {\"fields\": [\"Admins\", \"Approval\"]}}]"}}, {"model": "admin.logentry", "pk": 471, "fields": {"action_time": "2023-06-04T18:29:06.874Z", "user": 7, "content_type": 7, "object_id": "7", "object_repr": "c", "action_flag": 2, "change_message": "[{\"changed\": {\"fields\": [\"Member\"]}}]"}}, {"model": "admin.logentry", "pk": 472, "fields": {"action_time": "2023-06-04T18:30:59.593Z", "user": 7, "content_type": 7, "object_id": "7", "object_repr": "c", "action_flag": 2, "change_message": "[{\"changed\": {\"fields\": [\"Member\"]}}]"}}, {"model": "admin.logentry", "pk": 473, "fields": {"action_time": "2023-06-04T18:43:39.855Z", "user": 7, "content_type": 7, "object_id": "7", "object_repr": "c", "action_flag": 2, "change_message": "[{\"changed\": {\"fields\": [\"Member\"]}}]"}}, {"model": "admin.logentry", "pk": 474, "fields": {"action_time": "2023-06-04T18:50:07.097Z", "user": 7, "content_type": 7, "object_id": "7", "object_repr": "c", "action_flag": 2, "change_message": "[{\"changed\": {\"fields\": [\"Admins\", \"Member\"]}}]"}}, {"model": "admin.logentry", "pk": 475, "fields": {"action_time": "2023-06-04T18:57:40.555Z", "user": 7, "content_type": 7, "object_id": "12", "object_repr": "soccer", "action_flag": 2, "change_message": "[{\"changed\": {\"fields\": [\"Approval\"]}}]"}}, {"model": "admin.logentry", "pk": 476, "fields": {"action_time": "2023-06-04T18:58:31.549Z", "user": 7, "content_type": 7, "object_id": "12", "object_repr": "soccer", "action_flag": 2, "change_message": "[{\"changed\": {\"fields\": [\"Moderator\"]}}]"}}, {"model": "admin.logentry", "pk": 477, "fields": {"action_time": "2023-06-04T19:09:01.885Z", "user": 7, "content_type": 7, "object_id": "12", "object_repr": "soccer", "action_flag": 2, "change_message": "[{\"changed\": {\"fields\": [\"Moderator\"]}}]"}}, {"model": "admin.logentry", "pk": 478, "fields": {"action_time": "2023-06-04T19:12:18.425Z", "user": 7, "content_type": 7, "object_id": "12", "object_repr": "soccer", "action_flag": 2, "change_message": "[{\"changed\": {\"fields\": [\"Moderator request\"]}}]"}}, {"model": "admin.logentry", "pk": 479, "fields": {"action_time": "2023-06-04T20:24:26.793Z", "user": 7, "content_type": 13, "object_id": "22", "object_repr": "NewUser+dell", "action_flag": 3, "change_message": ""}}, {"model": "admin.logentry", "pk": 480, "fields": {"action_time": "2023-06-04T20:39:43.373Z", "user": 7, "content_type": 6, "object_id": "7", "object_repr": "dell", "action_flag": 2, "change_message": "[{\"changed\": {\"fields\": [\"Email address\"]}}]"}}, {"model": "admin.logentry", "pk": 481, "fields": {"action_time": "2023-06-04T21:00:22.495Z", "user": 7, "content_type": 7, "object_id": "13", "object_repr": "football", "action_flag": 2, "change_message": "[{\"changed\": {\"fields\": [\"Admins\"]}}]"}}, {"model": "admin.logentry", "pk": 482, "fields": {"action_time": "2023-06-04T21:00:43.359Z", "user": 7, "content_type": 7, "object_id": "13", "object_repr": "football", "action_flag": 2, "change_message": "[{\"changed\": {\"fields\": [\"Admins\", \"Moderator request\"]}}]"}}, {"model": "admin.logentry", "pk": 483, "fields": {"action_time": "2023-06-04T21:01:48.541Z", "user": 7, "content_type": 7, "object_id": "13", "object_repr": "football", "action_flag": 2, "change_message": "[{\"changed\": {\"fields\": [\"Moderator\", \"Moderator request\"]}}]"}}, {"model": "admin.logentry", "pk": 484, "fields": {"action_time": "2023-06-04T21:02:58.820Z", "user": 7, "content_type": 7, "object_id": "13", "object_repr": "football", "action_flag": 2, "change_message": "[{\"changed\": {\"fields\": [\"Moderator\"]}}]"}}, {"model": "admin.logentry", "pk": 485, "fields": {"action_time": "2023-06-04T21:05:30.826Z", "user": 7, "content_type": 7, "object_id": "13", "object_repr": "football", "action_flag": 2, "change_message": "[{\"changed\": {\"fields\": [\"Admins\", \"Moderator\"]}}]"}}, {"model": "admin.logentry", "pk": 486, "fields": {"action_time": "2023-06-04T21:05:43.991Z", "user": 7, "content_type": 7, "object_id": "13", "object_repr": "football", "action_flag": 2, "change_message": "[{\"changed\": {\"fields\": [\"Admins\"]}}]"}}, {"model": "admin.logentry", "pk": 487, "fields": {"action_time": "2023-06-06T18:17:00.719Z", "user": 7, "content_type": 6, "object_id": "14", "object_repr": "aaaaaaaaaaaaaa", "action_flag": 3, "change_message": ""}}, {"model": "admin.logentry", "pk": 488, "fields": {"action_time": "2023-06-06T18:17:00.919Z", "user": 7, "content_type": 6, "object_id": "13", "object_repr": "aaaaaaaaaaaaa", "action_flag": 3, "change_message": ""}}, {"model": "admin.logentry", "pk": 489, "fields": {"action_time": "2023-06-06T18:17:01.040Z", "user": 7, "content_type": 6, "object_id": "12", "object_repr": "NewUser", "action_flag": 3, "change_message": ""}}, {"model": "admin.logentry", "pk": 490, "fields": {"action_time": "2023-06-06T18:17:01.169Z", "user": 7, "content_type": 6, "object_id": "8", "object_repr": "LastUser", "action_flag": 3, "change_message": ""}}, {"model": "admin.logentry", "pk": 491, "fields": {"action_time": "2023-06-06T18:17:01.310Z", "user": 7, "content_type": 6, "object_id": "5", "object_repr": "Sudhanshu", "action_flag": 3, "change_message": ""}}, {"model": "admin.logentry", "pk": 492, "fields": {"action_time": "2023-06-06T18:17:01.431Z", "user": 7, "content_type": 6, "object_id": "4", "object_repr": "JaneDoe", "action_flag": 3, "change_message": ""}}, {"model": "admin.logentry", "pk": 493, "fields": {"action_time": "2023-06-06T18:17:01.559Z", "user": 7, "content_type": 6, "object_id": "3", "object_repr": "TestUSer", "action_flag": 3, "change_message": ""}}, {"model": "admin.logentry", "pk": 494, "fields": {"action_time": "2023-06-06T18:17:01.678Z", "user": 7, "content_type": 6, "object_id": "2", "object_repr": "JhonDoe", "action_flag": 3, "change_message": ""}}, {"model": "admin.logentry", "pk": 495, "fields": {"action_time": "2023-06-06T18:17:14.829Z", "user": 7, "content_type": 9, "object_id": "83", "object_repr": "ads", "action_flag": 3, "change_message": ""}}, {"model": "admin.logentry", "pk": 496, "fields": {"action_time": "2023-06-06T18:17:15.275Z", "user": 7, "content_type": 9, "object_id": "80", "object_repr": "COde error", "action_flag": 3, "change_message": ""}}, {"model": "admin.logentry", "pk": 497, "fields": {"action_time": "2023-06-06T18:17:15.394Z", "user": 7, "content_type": 9, "object_id": "79", "object_repr": "Error HEre", "action_flag": 3, "change_message": ""}}, {"model": "admin.logentry", "pk": 498, "fields": {"action_time": "2023-06-06T18:17:15.535Z", "user": 7, "content_type": 9, "object_id": "78", "object_repr": "csa", "action_flag": 3, "change_message": ""}}, {"model": "admin.logentry", "pk": 499, "fields": {"action_time": "2023-06-06T18:17:15.664Z", "user": 7, "content_type": 9, "object_id": "73", "object_repr": "asc", "action_flag": 3, "change_message": ""}}, {"model": "admin.logentry", "pk": 500, "fields": {"action_time": "2023-06-06T18:17:15.783Z", "user": 7, "content_type": 9, "object_id": "72", "object_repr": "Error in Code", "action_flag": 3, "change_message": ""}}, {"model": "admin.logentry", "pk": 501, "fields": {"action_time": "2023-06-06T18:17:34.564Z", "user": 7, "content_type": 13, "object_id": "25", "object_repr": "JaneDoe+dell", "action_flag": 3, "change_message": ""}}, {"model": "admin.logentry", "pk": 502, "fields": {"action_time": "2023-06-06T18:18:02.735Z", "user": 7, "content_type": 7, "object_id": "18", "object_repr": "aaaaaaaaaaaaaaa", "action_flag": 3, "change_message": ""}}, {"model": "admin.logentry", "pk": 503, "fields": {"action_time": "2023-06-06T18:18:02.931Z", "user": 7, "content_type": 7, "object_id": "16", "object_repr": "dddd", "action_flag": 3, "change_message": ""}}, {"model": "admin.logentry", "pk": 504, "fields": {"action_time": "2023-06-06T18:18:03.072Z", "user": 7, "content_type": 7, "object_id": "15", "object_repr": "ffsf", "action_flag": 3, "change_message": ""}}, {"model": "admin.logentry", "pk": 505, "fields": {"action_time": "2023-06-06T18:18:03.202Z", "user": 7, "content_type": 7, "object_id": "14", "object_repr": "wsfwfasdf", "action_flag": 3, "change_message": ""}}, {"model": "admin.logentry", "pk": 506, "fields": {"action_time": "2023-06-06T18:18:03.320Z", "user": 7, "content_type": 7, "object_id": "13", "object_repr": "football", "action_flag": 3, "change_message": ""}}, {"model": "admin.logentry", "pk": 507, "fields": {"action_time": "2023-06-06T18:18:03.440Z", "user": 7, "content_type": 7, "object_id": "12", "object_repr": "soccer", "action_flag": 3, "change_message": ""}}, {"model": "admin.logentry", "pk": 508, "fields": {"action_time": "2023-06-06T18:18:03.569Z", "user": 7, "content_type": 7, "object_id": "11", "object_repr": "cricket", "action_flag": 3, "change_message": ""}}, {"model": "admin.logentry", "pk": 509, "fields": {"action_time": "2023-06-06T18:18:03.689Z", "user": 7, "content_type": 7, "object_id": "10", "object_repr": "chicken", "action_flag": 3, "change_message": ""}}, {"model": "admin.logentry", "pk": 510, "fields": {"action_time": "2023-06-06T18:18:03.808Z", "user": 7, "content_type": 7, "object_id": "6", "object_repr": "samsung", "action_flag": 3, "change_message": ""}}, {"model": "admin.logentry", "pk": 511, "fields": {"action_time": "2023-06-06T18:18:03.926Z", "user": 7, "content_type": 7, "object_id": "5", "object_repr": "helloworld", "action_flag": 3, "change_message": ""}}, {"model": "admin.logentry", "pk": 512, "fields": {"action_time": "2023-06-06T18:18:04.058Z", "user": 7, "content_type": 7, "object_id": "4", "object_repr": "test33", "action_flag": 3, "change_message": ""}}, {"model": "admin.logentry", "pk": 513, "fields": {"action_time": "2023-06-06T18:18:04.188Z", "user": 7, "content_type": 7, "object_id": "3", "object_repr": "test3", "action_flag": 3, "change_message": ""}}, {"model": "admin.logentry", "pk": 514, "fields": {"action_time": "2023-06-06T18:18:04.317Z", "user": 7, "content_type": 7, "object_id": "2", "object_repr": "test2", "action_flag": 3, "change_message": ""}}, {"model": "admin.logentry", "pk": 515, "fields": {"action_time": "2023-06-06T18:18:04.440Z", "user": 7, "content_type": 7, "object_id": "1", "object_repr": "test", "action_flag": 3, "change_message": ""}}, {"model": "admin.logentry", "pk": 516, "fields": {"action_time": "2023-06-06T18:45:58.142Z", "user": 7, "content_type": 7, "object_id": "20", "object_repr": "football", "action_flag": 1, "change_message": "[{\"added\": {}}]"}}, {"model": "admin.logentry", "pk": 517, "fields": {"action_time": "2023-06-06T18:47:31.863Z", "user": 7, "content_type": 7, "object_id": "21", "object_repr": "python", "action_flag": 1, "change_message": "[{\"added\": {}}]"}}, {"model": "admin.logentry", "pk": 518, "fields": {"action_time": "2023-06-06T18:51:14.638Z", "user": 7, "content_type": 7, "object_id": "21", "object_repr": "python", "action_flag": 2, "change_message": "[{\"changed\": {\"fields\": [\"Group picture\"]}}]"}}, {"model": "admin.logentry", "pk": 519, "fields": {"action_time": "2023-06-06T18:51:31.651Z", "user": 7, "content_type": 7, "object_id": "20", "object_repr": "football", "action_flag": 2, "change_message": "[{\"changed\": {\"fields\": [\"Group picture\"]}}]"}}, {"model": "admin.logentry", "pk": 520, "fields": {"action_time": "2023-06-06T18:52:00.210Z", "user": 7, "content_type": 7, "object_id": "21", "object_repr": "python", "action_flag": 2, "change_message": "[{\"changed\": {\"fields\": [\"Group picture\"]}}]"}}, {"model": "admin.logentry", "pk": 521, "fields": {"action_time": "2023-06-06T18:52:18.444Z", "user": 7, "content_type": 7, "object_id": "21", "object_repr": "python", "action_flag": 2, "change_message": "[]"}}, {"model": "admin.logentry", "pk": 522, "fields": {"action_time": "2023-06-06T18:52:39.498Z", "user": 7, "content_type": 7, "object_id": "21", "object_repr": "python", "action_flag": 3, "change_message": ""}}, {"model": "admin.logentry", "pk": 523, "fields": {"action_time": "2023-06-06T18:52:40.019Z", "user": 7, "content_type": 7, "object_id": "20", "object_repr": "football", "action_flag": 3, "change_message": ""}}, {"model": "admin.logentry", "pk": 524, "fields": {"action_time": "2023-06-06T19:05:28.116Z", "user": 7, "content_type": 7, "object_id": "24", "object_repr": "elderscrollskyrim", "action_flag": 2, "change_message": "[{\"changed\": {\"fields\": [\"Category\"]}}]"}}, {"model": "admin.logentry", "pk": 525, "fields": {"action_time": "2023-06-06T20:01:24.766Z", "user": 7, "content_type": 7, "object_id": "19", "object_repr": "cricket", "action_flag": 2, "change_message": "[{\"changed\": {\"fields\": [\"Admins\", \"Moderator\", \"Member\"]}}]"}}, {"model": "admin.logentry", "pk": 526, "fields": {"action_time": "2023-06-06T20:06:44.637Z", "user": 7, "content_type": 7, "object_id": "23", "object_repr": "python", "action_flag": 2, "change_message": "[{\"changed\": {\"fields\": [\"Allow image posts\", \"Allow video posts\"]}}]"}}, {"model": "admin.logentry", "pk": 527, "fields": {"action_time": "2023-06-06T20:32:43.072Z", "user": 7, "content_type": 7, "object_id": "22", "object_repr": "football", "action_flag": 2, "change_message": "[{\"changed\": {\"fields\": [\"Member\"]}}]"}}, {"model": "admin.logentry", "pk": 528, "fields": {"action_time": "2023-06-06T20:33:02.284Z", "user": 7, "content_type": 7, "object_id": "22", "object_repr": "football", "action_flag": 2, "change_message": "[{\"changed\": {\"fields\": [\"Admins\", \"Moderator\"]}}]"}}, {"model": "admin.logentry", "pk": 529, "fields": {"action_time": "2023-06-06T20:33:21.930Z", "user": 7, "content_type": 7, "object_id": "25", "object_repr": "fifa", "action_flag": 2, "change_message": "[{\"changed\": {\"fields\": [\"Admins\", \"Blocked\"]}}]"}}, {"model": "admin.logentry", "pk": 530, "fields": {"action_time": "2023-06-06T20:36:05.717Z", "user": 7, "content_type": 9, "object_id": "91", "object_repr": "Lewandowski scores 5 goals in 9 minutes", "action_flag": 2, "change_message": "[{\"changed\": {\"fields\": [\"Upvotes\", \"Downvotes\"]}}]"}}, {"model": "admin.logentry", "pk": 531, "fields": {"action_time": "2023-06-06T20:43:14.512Z", "user": 7, "content_type": 9, "object_id": "85", "object_repr": "Fastest 25000", "action_flag": 2, "change_message": "[{\"changed\": {\"fields\": [\"Upvotes\"]}}]"}}, {"model": "admin.logentry", "pk": 532, "fields": {"action_time": "2023-06-06T20:43:30.332Z", "user": 7, "content_type": 9, "object_id": "93", "object_repr": "Hows my Charachter?", "action_flag": 2, "change_message": "[{\"changed\": {\"fields\": [\"Downvotes\"]}}]"}}, {"model": "admin.logentry", "pk": 533, "fields": {"action_time": "2023-06-06T20:54:47.934Z", "user": 7, "content_type": 7, "object_id": "23", "object_repr": "python", "action_flag": 2, "change_message": "[{\"changed\": {\"fields\": [\"Approval\"]}}]"}}, {"model": "admin.logentry", "pk": 534, "fields": {"action_time": "2023-06-06T21:01:38.639Z", "user": 7, "content_type": 12, "object_id": "335", "object_repr": "jhondoe said 'hi' in dell+jhondoe at 2023-06-06 21:01:38.623472+00:00", "action_flag": 1, "change_message": "[{\"added\": {}}]"}}, {"model": "admin.logentry", "pk": 535, "fields": {"action_time": "2023-06-07T02:29:11.404Z", "user": 7, "content_type": 7, "object_id": "27", "object_repr": "tastyfood", "action_flag": 2, "change_message": "[{\"changed\": {\"fields\": [\"Approval\"]}}]"}}, {"model": "admin.logentry", "pk": 536, "fields": {"action_time": "2023-06-07T02:31:28.416Z", "user": 7, "content_type": 7, "object_id": "27", "object_repr": "tastyfood", "action_flag": 2, "change_message": "[{\"changed\": {\"fields\": [\"Blocked\"]}}]"}}, {"model": "admin.logentry", "pk": 537, "fields": {"action_time": "2023-06-07T02:58:53.777Z", "user": 7, "content_type": 7, "object_id": "25", "object_repr": "fifa", "action_flag": 2, "change_message": "[{\"changed\": {\"fields\": [\"Blocked\"]}}]"}}, {"model": "admin.logentry", "pk": 538, "fields": {"action_time": "2023-06-07T02:59:22.079Z", "user": 7, "content_type": 7, "object_id": "25", "object_repr": "fifa", "action_flag": 2, "change_message": "[{\"changed\": {\"fields\": [\"Member\", \"Blocked\"]}}]"}}, {"model": "admin.logentry", "pk": 539, "fields": {"action_time": "2023-06-07T03:28:09.802Z", "user": 7, "content_type": 13, "object_id": "26", "object_repr": "dell+jhondoe", "action_flag": 3, "change_message": ""}}, {"model": "auth.permission", "pk": 1, "fields": {"name": "Can add log entry", "content_type": 1, "codename": "add_logentry"}}, {"model": "auth.permission", "pk": 2, "fields": {"name": "Can change log entry", "content_type": 1, "codename": "change_logentry"}}, {"model": "auth.permission", "pk": 3, "fields": {"name": "Can delete log entry", "content_type": 1, "codename": "delete_logentry"}}, {"model": "auth.permission", "pk": 4, "fields": {"name": "Can view log entry", "content_type": 1, "codename": "view_logentry"}}, {"model": "auth.permission", "pk": 5, "fields": {"name": "Can add permission", "content_type": 2, "codename": "add_permission"}}, {"model": "auth.permission", "pk": 6, "fields": {"name": "Can change permission", "content_type": 2, "codename": "change_permission"}}, {"model": "auth.permission", "pk": 7, "fields": {"name": "Can delete permission", "content_type": 2, "codename": "delete_permission"}}, {"model": "auth.permission", "pk": 8, "fields": {"name": "Can view permission", "content_type": 2, "codename": "view_permission"}}, {"model": "auth.permission", "pk": 9, "fields": {"name": "Can add group", "content_type": 3, "codename": "add_group"}}, {"model": "auth.permission", "pk": 10, "fields": {"name": "Can change group", "content_type": 3, "codename": "change_group"}}, {"model": "auth.permission", "pk": 11, "fields": {"name": "Can delete group", "content_type": 3, "codename": "delete_group"}}, {"model": "auth.permission", "pk": 12, "fields": {"name": "Can view group", "content_type": 3, "codename": "view_group"}}, {"model": "auth.permission", "pk": 13, "fields": {"name": "Can add content type", "content_type": 4, "codename": "add_contenttype"}}, {"model": "auth.permission", "pk": 14, "fields": {"name": "Can change content type", "content_type": 4, "codename": "change_contenttype"}}, {"model": "auth.permission", "pk": 15, "fields": {"name": "Can delete content type", "content_type": 4, "codename": "delete_contenttype"}}, {"model": "auth.permission", "pk": 16, "fields": {"name": "Can view content type", "content_type": 4, "codename": "view_contenttype"}}, {"model": "auth.permission", "pk": 17, "fields": {"name": "Can add session", "content_type": 5, "codename": "add_session"}}, {"model": "auth.permission", "pk": 18, "fields": {"name": "Can change session", "content_type": 5, "codename": "change_session"}}, {"model": "auth.permission", "pk": 19, "fields": {"name": "Can delete session", "content_type": 5, "codename": "delete_session"}}, {"model": "auth.permission", "pk": 20, "fields": {"name": "Can view session", "content_type": 5, "codename": "view_session"}}, {"model": "auth.permission", "pk": 21, "fields": {"name": "Can add user", "content_type": 6, "codename": "add_user"}}, {"model": "auth.permission", "pk": 22, "fields": {"name": "Can change user", "content_type": 6, "codename": "change_user"}}, {"model": "auth.permission", "pk": 23, "fields": {"name": "Can delete user", "content_type": 6, "codename": "delete_user"}}, {"model": "auth.permission", "pk": 24, "fields": {"name": "Can view user", "content_type": 6, "codename": "view_user"}}, {"model": "auth.permission", "pk": 25, "fields": {"name": "Can add group", "content_type": 7, "codename": "add_group"}}, {"model": "auth.permission", "pk": 26, "fields": {"name": "Can change group", "content_type": 7, "codename": "change_group"}}, {"model": "auth.permission", "pk": 27, "fields": {"name": "Can delete group", "content_type": 7, "codename": "delete_group"}}, {"model": "auth.permission", "pk": 28, "fields": {"name": "Can view group", "content_type": 7, "codename": "view_group"}}, {"model": "auth.permission", "pk": 29, "fields": {"name": "Can add post", "content_type": 8, "codename": "add_post"}}, {"model": "auth.permission", "pk": 30, "fields": {"name": "Can change post", "content_type": 8, "codename": "change_post"}}, {"model": "auth.permission", "pk": 31, "fields": {"name": "Can delete post", "content_type": 8, "codename": "delete_post"}}, {"model": "auth.permission", "pk": 32, "fields": {"name": "Can view post", "content_type": 8, "codename": "view_post"}}, {"model": "auth.permission", "pk": 33, "fields": {"name": "Can add post", "content_type": 9, "codename": "add_post"}}, {"model": "auth.permission", "pk": 34, "fields": {"name": "Can change post", "content_type": 9, "codename": "change_post"}}, {"model": "auth.permission", "pk": 35, "fields": {"name": "Can delete post", "content_type": 9, "codename": "delete_post"}}, {"model": "auth.permission", "pk": 36, "fields": {"name": "Can view post", "content_type": 9, "codename": "view_post"}}, {"model": "auth.permission", "pk": 37, "fields": {"name": "Can add comment", "content_type": 10, "codename": "add_comment"}}, {"model": "auth.permission", "pk": 38, "fields": {"name": "Can change comment", "content_type": 10, "codename": "change_comment"}}, {"model": "auth.permission", "pk": 39, "fields": {"name": "Can delete comment", "content_type": 10, "codename": "delete_comment"}}, {"model": "auth.permission", "pk": 40, "fields": {"name": "Can view comment", "content_type": 10, "codename": "view_comment"}}, {"model": "auth.permission", "pk": 41, "fields": {"name": "Can add reply", "content_type": 11, "codename": "add_reply"}}, {"model": "auth.permission", "pk": 42, "fields": {"name": "Can change reply", "content_type": 11, "codename": "change_reply"}}, {"model": "auth.permission", "pk": 43, "fields": {"name": "Can delete reply", "content_type": 11, "codename": "delete_reply"}}, {"model": "auth.permission", "pk": 44, "fields": {"name": "Can view reply", "content_type": 11, "codename": "view_reply"}}, {"model": "auth.permission", "pk": 45, "fields": {"name": "Can add message", "content_type": 12, "codename": "add_message"}}, {"model": "auth.permission", "pk": 46, "fields": {"name": "Can change message", "content_type": 12, "codename": "change_message"}}, {"model": "auth.permission", "pk": 47, "fields": {"name": "Can delete message", "content_type": 12, "codename": "delete_message"}}, {"model": "auth.permission", "pk": 48, "fields": {"name": "Can view message", "content_type": 12, "codename": "view_message"}}, {"model": "auth.permission", "pk": 49, "fields": {"name": "Can add chat room", "content_type": 13, "codename": "add_chatroom"}}, {"model": "auth.permission", "pk": 50, "fields": {"name": "Can change chat room", "content_type": 13, "codename": "change_chatroom"}}, {"model": "auth.permission", "pk": 51, "fields": {"name": "Can delete chat room", "content_type": 13, "codename": "delete_chatroom"}}, {"model": "auth.permission", "pk": 52, "fields": {"name": "Can view chat room", "content_type": 13, "codename": "view_chatroom"}}, {"model": "contenttypes.contenttype", "pk": 1, "fields": {"app_label": "admin", "model": "logentry"}}, {"model": "contenttypes.contenttype", "pk": 2, "fields": {"app_label": "auth", "model": "permission"}}, {"model": "contenttypes.contenttype", "pk": 3, "fields": {"app_label": "auth", "model": "group"}}, {"model": "contenttypes.contenttype", "pk": 4, "fields": {"app_label": "contenttypes", "model": "contenttype"}}, {"model": "contenttypes.contenttype", "pk": 5, "fields": {"app_label": "sessions", "model": "session"}}, {"model": "contenttypes.contenttype", "pk": 6, "fields": {"app_label": "account", "model": "user"}}, {"model": "contenttypes.contenttype", "pk": 7, "fields": {"app_label": "group", "model": "group"}}, {"model": "contenttypes.contenttype", "pk": 8, "fields": {"app_label": "group", "model": "post"}}, {"model": "contenttypes.contenttype", "pk": 9, "fields": {"app_label": "post", "model": "post"}}, {"model": "contenttypes.contenttype", "pk": 10, "fields": {"app_label": "post", "model": "comment"}}, {"model": "contenttypes.contenttype", "pk": 11, "fields": {"app_label": "post", "model": "reply"}}, {"model": "contenttypes.contenttype", "pk": 12, "fields": {"app_label": "chat", "model": "message"}}, {"model": "contenttypes.contenttype", "pk": 13, "fields": {"app_label": "chat", "model": "chatroom"}}, {"model": "sessions.session", "pk": "08vyuua4vjc4712z6me9shva64rrcssw", "fields": {"session_data": ".eJxVjEEOwiAQRe_C2hAKUygu3XsGMsyMUjU0Ke3KeHfbpAvd_vfef6uE61LS2mROI6uz8ur0u2Wkp9Qd8APrfdI01WUes94VfdCmrxPL63K4fwcFW9nqKNCR3By4LIMBb63ESAidi8QceieWAqHPZHLP1gRvAWHYDHEgZNTnC-25OCk:1pwNw7:XZw9Ux2tMYB4ejbr7FIGCvf4ZcvDyH1WY2-WJ9SW75c", "expire_date": "2023-05-23T14:03:27.385Z"}}, {"model": "sessions.session", "pk": "0n1kebg3ysbxzmilpnoxj6b3dy4vv8f0", "fields": {"session_data": ".eJxVjEEOwiAQRe_C2hBgWgou3XsGMjCDVA0kpV0Z765NutDtf-_9lwi4rSVsnZcwkzgLLU6_W8T04LoDumO9NZlaXZc5yl2RB-3y2oifl8P9OyjYy7f20aIB9FY7NNEzQXajyUlpSoNzGRNMBh2iMhqnAayyEL0bGTRkYi_eH-YDN88:1ptpid:IuK2t17vM3oqL1mmgTblRRcI-QzOLPoWMUPXVgf8wH0", "expire_date": "2023-05-16T13:06:59.974Z"}}, {"model": "sessions.session", "pk": "1dtkhy6f4zp1was9tqcjvqfjcnziiq48", "fields": {"session_data": ".eJxVjDEOwyAQBP9CHSE4Y8Ap0_sNCO4gOIlAMnYV5e_Bkouk2WJndt_M-X3Lbm9xdQuxK5PALr9l8PiM5SD08OVeOdayrUvgh8JP2vhcKb5up_t3kH3LfQ0GRoFhkEapSYSegkatIxpIiBMOsRtghAoCvU4mDESJrLTKRgug2OcL5Jc3cQ:1q5uYg:F3-CPmnwqRe68RNZAqz2VPEY-JQR1Yomg1czFmEE_Nc", "expire_date": "2023-06-18T20:42:38.388Z"}}, {"model": "sessions.session", "pk": "89ju6a82rhatao0i5rvl2vo4gex1i0hj", "fields": {"session_data": ".eJxVjMsOwiAQRf-FtSFQnnXp3m8gDDNI1UBS2pXx321NF7o959z7YiGuSwlrpzlMyM7MsdMvg5geVHeB91hvjadWl3kCvif8sJ1fG9LzcrR_ByX2sq3BJ5fQ4JiRBmU95WSI0Niohd6YJps1COMHqSQo1G6M-Zt5l6UA9v4AHgw5DQ:1pw9Ul:MVObCA2XpTFIDkTVHwsU6ct-8SbRjf1lKDYVgEBHwAs", "expire_date": "2023-05-22T22:38:15.120Z"}}, {"model": "sessions.session", "pk": "bvws4hwmo5iwj87o53h0cmofnzf0k0yr", "fields": {"session_data": ".eJxVjEEOwiAQRe_C2hAKUygu3XsGMsyMUjU0Ke3KeHfbpAvd_vfef6uE61LS2mROI6uz8ur0u2Wkp9Qd8APrfdI01WUes94VfdCmrxPL63K4fwcFW9nqKNCR3By4LIMBb63ESAidi8QceieWAqHPZHLP1gRvAWHYDHEgZNTnC-25OCk:1pwNw6:8L34OayZsF07JT8nfvlF3ujDLvur7l-yDZ4FY45_Zy8", "expire_date": "2023-05-23T14:03:26.415Z"}}, {"model": "sessions.session", "pk": "d8nztfql79552x8o2bvqf7wuc4pfchbo", "fields": {"session_data": ".eJxVjDsOwjAQBe_iGln-fyjpOYNl765xADlSnFSIu0OkFNC-mXkvlvK2trQNWtKE7MxkYKffsWR4UN8J3nO_zRzmvi5T4bvCDzr4dUZ6Xg7376Dl0b41FOsC2EJS5JgNaqjRe0nSYCnGAlEUylSvnFcRhDaRyGsdSLhQA1b2_gAdLThP:1q6jBy:iS27ZHedz9N6EbDy4hPtR_WnacG5hmeeEed1yIHsy5U", "expire_date": "2023-06-21T02:46:34.386Z"}}, {"model": "sessions.session", "pk": "enpbplpsf7luwu1nikmeycmfi69jyisy", "fields": {"session_data": ".eJxVjEEOwiAQRe_C2hAKUygu3XsGMsyMUjU0Ke3KeHfbpAvd_vfef6uE61LS2mROI6uz8ur0u2Wkp9Qd8APrfdI01WUes94VfdCmrxPL63K4fwcFW9nqKNCR3By4LIMBb63ESAidi8QceieWAqHPZHLP1gRvAWHYDHEgZNTnC-25OCk:1pwNw7:XZw9Ux2tMYB4ejbr7FIGCvf4ZcvDyH1WY2-WJ9SW75c", "expire_date": "2023-05-23T14:03:27.787Z"}}, {"model": "sessions.session", "pk": "i4tguf569rxdyr5okuqx7wullj580n1r", "fields": {"session_data": ".eJxVjDsOwjAQBe_iGln4s8ampM8Zol3vggPIluKkQtwdIqWA9s3Me6kR16WMa5d5nFidlVeH340wP6RugO9Yb03nVpd5Ir0peqddD43ledndv4OCvXxrtCaA9YYBk7Xp6r2VEzA7SdEQGzgCQo6ZTMCQyJKLDgIkdjkFEq_eH8YvN0g:1q2JUk:y6DzGnJgT_otIdHNYq2wRa8ZIMyXC8YLp3Z6azi_7ps", "expire_date": "2023-06-08T22:31:42.614Z"}}, {"model": "sessions.session", "pk": "im4kqlfgvx58z9cd1bka3o2ed7bu0azj", "fields": {"session_data": ".eJxVjMsOwiAQRf-FtSFMeRRcuvcbyDCDUjWQlHZl_HdD0oVu7znnvkXEfStx73mNC4uzsOL0uyWkZ64D8APrvUlqdVuXJIciD9rltXF-XQ7376BgL6OeFBtCHZwJAMYDeqfVdJu9QsPovcXEBEaTn4NTyVI2AEpZ4gAakvh8AcRZNv0:1puyL8:YEWa6my0j4-V_70Jo4yR70YfbOAgS9--7bD7xK_pUEE", "expire_date": "2023-05-19T16:31:26.034Z"}}, {"model": "sessions.session", "pk": "mbxw1x0718tsd4xlfise219l51qpuhz0", "fields": {"session_data": ".eJxVjDsOwjAQBe_iGln4s8ampM8Zol3vggPIluKkQtwdIqWA9s3Me6kR16WMa5d5nFidlVeH340wP6RugO9Yb03nVpd5Ir0peqddD43ledndv4OCvXxrtCaA9YYBk7Xp6r2VEzA7SdEQGzgCQo6ZTMCQyJKLDgIkdjkFEq_eH8YvN0g:1q6FVH:fxWN7g_rSOxFk8FxczCU_6GgIczxymT6Ac0kfd7yzEg", "expire_date": "2023-06-19T19:04:31.149Z"}}, {"model": "sessions.session", "pk": "nmab2ohcoq3kn2kuj5p3r4cjvbjjlg14", "fields": {"session_data": ".eJxVjMsOwiAQRf-FtSFQnnXp3m8gDDNI1UBS2pXx321NF7o959z7YiGuSwlrpzlMyM7MsdMvg5geVHeB91hvjadWl3kCvif8sJ1fG9LzcrR_ByX2sq3BJ5fQ4JiRBmU95WSI0Niohd6YJps1COMHqSQo1G6M-Zt5l6UA9v4AHgw5DQ:1q6FlY:CFMa5kbz0UHTKLETH04L1fwn6RXUO-Q70sgu0V_z6Yk", "expire_date": "2023-06-19T19:21:20.639Z"}}, {"model": "sessions.session", "pk": "nsmqxhs1fqjtrftcxjp8xycpl57z7nn8", "fields": {"session_data": ".eJxVjDsOwjAQBe_iGlnrT7wOJX3OYNnrDQ4gR4qTCnF3EikFtDPz3luEuK0lbI2XMGVxFQrF5RemSE-uh8mPWO-zpLmuy5TkkcjTNjnMmV-3s_07KLGVfT06S3n01jlMmECT12ws9Z47VoTgwUe9Y4wZvTFJMTMa6B10AOyS-HwBBgQ3qg:1q6d7M:2nnrs06jO57mKiCq2TUh3JThBDiqg3ef87Ablv0k3ew", "expire_date": "2023-06-20T20:17:24.459Z"}}, {"model": "sessions.session", "pk": "pq51i7erzqrt9ya117h9wmtke7iy33fa", "fields": {"session_data": ".eJxVjDsOwjAQBe_iGln4s8ampM8Zol3vggPIluKkQtwdIqWA9s3Me6kR16WMa5d5nFidlVeH340wP6RugO9Yb03nVpd5Ir0peqddD43ledndv4OCvXxrtCaA9YYBk7Xp6r2VEzA7SdEQGzgCQo6ZTMCQyJKLDgIkdjkFEq_eH8YvN0g:1q3Tc2:lt98SZKwoE1BoFXU6Xj8TuDQ82MYJRV6D159ynW8Fyk", "expire_date": "2023-06-12T03:32:02.227Z"}}, {"model": "sessions.session", "pk": "rzy4t79wk2a8wgg3vs75cb8p8vg067g2", "fields": {"session_data": ".eJxVjMEOwiAQRP-FsyFlYUE8eu83kGVBqRpISnsy_rtt0oOeJpn3Zt4i0LqUsPY8hymJizDi9NtF4meuO0gPqvcmudVlnqLcFXnQLseW8ut6uH8HhXrZ1gwDogaf2aYtrbeskWLEIXmyiiEiAIJxTrND1lmdETmC0XxTiZ34fAHD9Dc3:1pteN2:9tIzpHCday5I3NNv3fY1cd8g4FN5DE_POpVfMPzsCLQ", "expire_date": "2023-05-16T00:59:56.048Z"}}, {"model": "sessions.session", "pk": "tg3s1k220m2oa7amv5aybmvagdsl4p7n", "fields": {"session_data": ".eJxVjMsOwiAQRf-FtSFMeRRcuvcbyDCDUjWQlHZl_HdD0oVu7znnvkXEfStx73mNC4uzsOL0uyWkZ64D8APrvUlqdVuXJIciD9rltXF-XQ7376BgL6OeFBtCHZwJAMYDeqfVdJu9QsPovcXEBEaTn4NTyVI2AEpZ4gAakvh8AcRZNv0:1pyR37:XJ-W-_ZbeBWC2q03a40nMVpR-bBhJnPNbiYvqsK_jIA", "expire_date": "2023-05-29T05:47:09.431Z"}}, {"model": "sessions.session", "pk": "tmccmlq1trtytxcywfgcffyougyb4mf8", "fields": {"session_data": ".eJxVjDsOwjAQBe_iGln4s8ampM8Zol3vggPIluKkQtwdIqWA9s3Me6kR16WMa5d5nFidlVeH340wP6RugO9Yb03nVpd5Ir0peqddD43ledndv4OCvXxrtCaA9YYBk7Xp6r2VEzA7SdEQGzgCQo6ZTMCQyJKLDgIkdjkFEq_eH8YvN0g:1q5t7w:kKb_HE7D7jJIqz-m2bC7sCh_rHssTI8TKybjCT80Z-A", "expire_date": "2023-06-18T19:10:56.836Z"}}, {"model": "sessions.session", "pk": "w2pajbq0c0stxh7do8c32wbiq8nmc5dv", "fields": {"session_data": ".eJxVjEEOwiAQRe_C2hAKUygu3XsGMsyMUjU0Ke3KeHfbpAvd_vfef6uE61LS2mROI6uz8ur0u2Wkp9Qd8APrfdI01WUes94VfdCmrxPL63K4fwcFW9nqKNCR3By4LIMBb63ESAidi8QceieWAqHPZHLP1gRvAWHYDHEgZNTnC-25OCk:1pwNw8:YVa4Of2jFoYFVMYkAmvjt8P7kaQJJeyDF1cNzNo6uvI", "expire_date": "2023-05-23T14:03:28.297Z"}}, {"model": "sessions.session", "pk": "zav5f54te6rpt5omvc9zo5v5nio5wsyv", "fields": {"session_data": ".eJxVjEEOwiAQRe_C2hCdFgZcuvcMZGAGqRpISrsy3l2bdKHb_977LxVoXUpYu8xhYnVWRh1-t0jpIXUDfKd6azq1usxT1Juid9r1tbE8L7v7d1Col29tM2ROmRDJQxYWMB4TmNEBYURij569tW7geBy8AFlBERjdKeZkjXp_AAihOI4:1pu62v:HFVup-Lt3VYRm5F24TrKmscncvUeBre1UOwyv4mEKo4", "expire_date": "2023-05-17T06:33:01.856Z"}}, {"model": "account.user", "pk": 7, "fields": {"password": "pbkdf2_sha256$320000$mBva019kLP1WQXpyAEO2bN$a8pGHnYc4D2k78lylGLU/OEgrHUuJlBzVaZEhafTxeQ=", "last_login": "2023-06-05T19:21:20.514Z", "is_superuser": true, "username": "dell", "first_name": "", "last_name": "", "email": "dell@example.com", "is_staff": true, "is_active": true, "date_joined": "2023-05-08T18:26:37Z", "profile_picture": "profile_pics/2_w2SQSTi.jfif", "slug": "dell", "created_at": "2023-05-08T18:26:37.401Z", "new_follower": false, "groups": [], "user_permissions": [], "followers": [], "following": [], "visited_groups": [19, 22], "group_notification": []}}, {"model": "account.user", "pk": 15, "fields": {"password": "pbkdf2_sha256$320000$203ZXndVXwLW3TvtFww8cm$WHdbbQoj+jo54h7gYb3Ts5YjPCOY45TICI4y6TcdQ7Q=", "last_login": null, "is_superuser": false, "username": "stonejohn", "first_name": "", "last_name": "", "email": "stonejohn@discussit.com", "is_staff": false, "is_active": true, "date_joined": "2023-06-06T18:29:46.999Z", "profile_picture": "profile_pics/avatar.svg", "slug": "stonejohn", "created_at": "2023-06-06T18:29:47.344Z", "new_follower": false, "groups": [], "user_permissions": [], "followers": [], "following": [], "visited_groups": [], "group_notification": []}}, {"model": "account.user", "pk": 16, "fields": {"password": "pbkdf2_sha256$320000$v0Jrls67kFHcvYLfxM6HmN$rLfWV/En+MR3RNW+Ji09Tec3TaPDy1i6LO+kT2sws+4=", "last_login": null, "is_superuser": false, "username": "miawong", "first_name": "", "last_name": "", "email": "miawong@discussit.com", "is_staff": false, "is_active": true, "date_joined": "2023-06-06T18:30:54.970Z", "profile_picture": "profile_pics/avatar.svg", "slug": "miawong", "created_at": "2023-06-06T18:30:55.106Z", "new_follower": false, "groups": [], "user_permissions": [], "followers": [], "following": [], "visited_groups": [], "group_notification": []}}, {"model": "account.user", "pk": 17, "fields": {"password": "pbkdf2_sha256$320000$EPf5iHviY81NI09NX57vN9$VNFZZFesdyixITPd/BlbjHT4fexW5oQndcQ55bwavGg=", "last_login": "2023-06-06T20:17:24.326Z", "is_superuser": false, "username": "angli", "first_name": "", "last_name": "", "email": "angli@discussit.com", "is_staff": false, "is_active": true, "date_joined": "2023-06-06T18:31:58.290Z", "profile_picture": "profile_pics/avatar.svg", "slug": "angli", "created_at": "2023-06-06T18:31:58.450Z", "new_follower": false, "groups": [], "user_permissions": [], "followers": [], "following": [], "visited_groups": [24, 27], "group_notification": []}}, {"model": "account.user", "pk": 19, "fields": {"password": "pbkdf2_sha256$320000$xrLgGBCz2sOvC6SfTXnSRY$JUBzyOh3S9Z5omJmqvmJAazcp4mXdPEpo9nDcYUhUAc=", "last_login": null, "is_superuser": false, "username": "veronablair", "first_name": "", "last_name": "", "email": "veronablair@discussit.com", "is_staff": false, "is_active": true, "date_joined": "2023-06-06T18:33:39.010Z", "profile_picture": "profile_pics/avatar.svg", "slug": "veronablair", "created_at": "2023-06-06T18:33:39.129Z", "new_follower": false, "groups": [], "user_permissions": [], "followers": [], "following": [], "visited_groups": [], "group_notification": []}}, {"model": "account.user", "pk": 20, "fields": {"password": "pbkdf2_sha256$320000$fP7omSI4OSGBLvh9G9TQvi$QaPw1l212SZl99+FB/e+EdsiI8HChmUYy2Ch4QqMm7k=", "last_login": null, "is_superuser": false, "username": "dalyharry", "first_name": "", "last_name": "", "email": "dalyharry@discussit.com", "is_staff": false, "is_active": true, "date_joined": "2023-06-06T18:34:35.061Z", "profile_picture": "profile_pics/avatar.svg", "slug": "dalyharry", "created_at": "2023-06-06T18:34:35.171Z", "new_follower": false, "groups": [], "user_permissions": [], "followers": [], "following": [], "visited_groups": [], "group_notification": []}}, {"model": "group.group", "pk": 19, "fields": {"name": "cricket", "group_picture": "group_pics/group_pic.jpg", "cover_picture": "cover_pics/cover_pic.jpg", "slug": "cricket", "category": "Sports", "description": "Everything about cricket ≡ƒÅÅ", "group_type": "Public", "allow_text_posts": true, "allow_image_posts": true, "allow_video_posts": true, "approve_members": false, "approve_post": false, "created_at": "2023-06-06T18:20:28.174Z", "admins": [7], "moderator": [17], "admins_request": [], "moderator_request": [], "member": [7, 15, 16, 17, 19, 20], "approval": [], "blocked": []}}, {"model": "group.group", "pk": 22, "fields": {"name": "football", "group_picture": "group_pics/group_pic.jpg", "cover_picture": "cover_pics/cover_pic.jpg", "slug": "football", "category": "Sports", "description": "Everything about football ΓÜ╜≡ƒÑà", "group_type": "Public", "allow_text_posts": true, "allow_image_posts": true, "allow_video_posts": true, "approve_members": false, "approve_post": false, "created_at": "2023-06-06T18:54:06.594Z", "admins": [7, 19], "moderator": [17], "admins_request": [], "moderator_request": [], "member": [7, 15, 16, 17, 19], "approval": [], "blocked": []}}, {"model": "group.group", "pk": 23, "fields": {"name": "python", "group_picture": "group_pics/group_pic.jpg", "cover_picture": "cover_pics/cover_pic.jpg", "slug": "python", "category": "Education", "description": "Everything about Python ≡ƒÉì", "group_type": "Restricted", "allow_text_posts": true, "allow_image_posts": false, "allow_video_posts": false, "approve_members": true, "approve_post": true, "created_at": "2023-06-06T18:55:59.579Z", "admins": [7], "moderator": [], "admins_request": [], "moderator_request": [], "member": [7, 17], "approval": [15, 16], "blocked": []}}, {"model": "group.group", "pk": 24, "fields": {"name": "elderscrollskyrim", "group_picture": "group_pics/group_pic.jpg", "cover_picture": "cover_pics/cover_pic.jpg", "slug": "elderscrollskyrim", "category": "Gaming", "description": "Everything about skyrim", "group_type": "Restricted", "allow_text_posts": true, "allow_image_posts": true, "allow_video_posts": true, "approve_members": false, "approve_post": false, "created_at": "2023-06-06T18:57:17.093Z", "admins": [7], "moderator": [], "admins_request": [], "moderator_request": [], "member": [7], "approval": [], "blocked": []}}, {"model": "group.group", "pk": 25, "fields": {"name": "fifa", "group_picture": "group_pics/group_pic.jpg", "cover_picture": "cover_pics/cover_pic.jpg", "slug": "fifa", "category": "Gaming", "description": "Everything about FIFA ΓÜ╜", "group_type": "Public", "allow_text_posts": true, "allow_image_posts": true, "allow_video_posts": true, "approve_members": false, "approve_post": false, "created_at": "2023-06-06T18:57:59.001Z", "admins": [17], "moderator": [], "admins_request": [], "moderator_request": [], "member": [17], "approval": [], "blocked": [7]}}, {"model": "group.group", "pk": 26, "fields": {"name": "javaprogramming", "group_picture": "group_pics/group_pic.jpg", "cover_picture": "cover_pics/cover_pic.jpg", "slug": "javaprogramming", "category": "Education", "description": "Everything about Java", "group_type": "Public", "allow_text_posts": true, "allow_image_posts": true, "allow_video_posts": true, "approve_members": false, "approve_post": false, "created_at": "2023-06-06T19:04:20.663Z", "admins": [7], "moderator": [], "admins_request": [], "moderator_request": [], "member": [7], "approval": [], "blocked": []}}, {"model": "group.group", "pk": 27, "fields": {"name": "tastyfood", "group_picture": "group_pics/group_pic.jpg", "cover_picture": "cover_pics/cover_pic.jpg", "slug": "tastyfood", "category": "Food", "description": "Everything about food", "group_type": "Public", "allow_text_posts": true, "allow_image_posts": true, "allow_video_posts": true, "approve_members": true, "approve_post": true, "created_at": "2023-06-06T19:18:14.412Z", "admins": [7], "moderator": [], "admins_request": [], "moderator_request": [], "member": [7], "approval": [15, 16, 17], "blocked": [20]}}, {"model": "group.group", "pk": 29, "fields": {"name": "dell", "group_picture": "group_pics/group_pic.jpg", "cover_picture": "cover_pics/cover_pic.jpg", "slug": "dell", "category": "Technology", "description": "everything about dell", "group_type": "Public", "allow_text_posts": true, "allow_image_posts": true, "allow_video_posts": true, "approve_members": false, "approve_post": false, "created_at": "2023-06-07T08:48:36.264Z", "admins": [7], "moderator": [], "admins_request": [], "moderator_request": [], "member": [7], "approval": [], "blocked": []}}, {"model": "post.post", "pk": 84, "fields": {"group": 19, "title": "Good batting by VK today", "slug": "good-batting-by-vk-today-qsbbi5", "content": "<p>What do you think? Personaly I think It was amazing</p>", "author": 7, "created_at": "2023-06-06T19:35:07.672Z", "updated_at": "2023-06-06T19:35:08.251Z", "image": "", "video": "", "is_text_based": true, "is_image_based": false, "is_video_based": false, "is_approved": true, "upvotes": [], "downvotes": []}}, {"model": "post.post", "pk": 85, "fields": {"group": 19, "title": "Fastest 25000", "slug": "super-dlaekc", "content": "", "author": 7, "created_at": "2023-06-06T19:35:34.640Z", "updated_at": "2023-06-06T20:43:14.496Z", "image": "post_images/virat_Kohli1.webp", "video": "", "is_text_based": false, "is_image_based": true, "is_video_based": false, "is_approved": true, "upvotes": [7, 15, 16, 17], "downvotes": []}}, {"model": "post.post", "pk": 86, "fields": {"group": 19, "title": "Ben Stokes to Holder", "slug": "ben-stokes-to-holder-3g4zlb", "content": "", "author": 7, "created_at": "2023-06-06T19:51:58.840Z", "updated_at": "2023-06-06T19:51:59.138Z", "image": "", "video": "post_videos/rapidsave.com_ben_stokes_to_holder-o6nxjmwvrc4b1.mp4", "is_text_based": false, "is_image_based": false, "is_video_based": true, "is_approved": true, "upvotes": [], "downvotes": []}}, {"model": "post.post", "pk": 87, "fields": {"group": 19, "title": "Looking for improvements", "slug": "looking-for-improvements-63autc", "content": "<p>I am a right hand fast bowler with a natural in-swing. I have restarted playing in domestic leagues and so far I have observed that in some cases I have some difficulty maintaining my line. I tend to bowl quite a few wides which I absolutely hate and also give away unnecessary runs. What do you guys have to comment about how I can correct this error and improve my consistency.</p>\r\n\r\n<p>Thanks!</p>", "author": 7, "created_at": "2023-06-06T19:58:41.703Z", "updated_at": "2023-06-06T19:58:42.155Z", "image": "", "video": "", "is_text_based": true, "is_image_based": false, "is_video_based": false, "is_approved": true, "upvotes": [], "downvotes": []}}, {"model": "post.post", "pk": 88, "fields": {"group": 23, "title": "Where is error", "slug": "where-is-error-tm54z1", "content": "<pre>\r\n<code class=\"language-python\">def clean_title(self):\r\n\r\n┬á ┬á ┬á ┬á description = self.cleaned_data.get('title')\r\n\r\n┬á ┬á ┬á ┬á max_length = 130 # Specify your desired maximum length here\r\n\r\n┬á ┬á ┬á ┬á if len(description) &gt; max_length:\r\n\r\n┬á ┬á ┬á ┬á ┬á ┬á raise forms.ValidationError(f'title should be no more than {max_length} characters. (length = {len(description)})')\r\n\r\n┬á ┬á ┬á ┬á return description</code></pre>\r\n\r\n<p>&nbsp;</p>", "author": 7, "created_at": "2023-06-06T20:07:58.224Z", "updated_at": "2023-06-06T20:07:58.428Z", "image": "", "video": "", "is_text_based": true, "is_image_based": false, "is_video_based": false, "is_approved": true, "upvotes": [7], "downvotes": []}}, {"model": "post.post", "pk": 89, "fields": {"group": 23, "title": "Code to create star pattern", "slug": "code-to-create-star-pattern-3dir41", "content": "<pre>\r\n<code class=\"language-python\">\r\n#python3 code to print pyramid pattern using recursion\r\ndef pypart(n):\r\n    if n==0:\r\n        return\r\n    else:\r\n        pypart(n-1)\r\n        print(\"* \"*n)\r\n  \r\n# Driver Code\r\nn = 5\r\npypart(n)</code></pre>\r\n\r\n<p>&nbsp;</p>", "author": 7, "created_at": "2023-06-06T20:10:28.177Z", "updated_at": "2023-06-06T20:10:28.363Z", "image": "", "video": "", "is_text_based": true, "is_image_based": false, "is_video_based": false, "is_approved": true, "upvotes": [], "downvotes": []}}, {"model": "post.post", "pk": 90, "fields": {"group": 26, "title": "Java Hello world", "slug": "java-hello-world-36jen9", "content": "<pre>\r\n<code class=\"language-java\">// Your First Program\r\n\r\nclass HelloWorld {\r\n    public static void main(String[] args) {\r\n        System.out.println(\"Hello, World!\"); \r\n    }\r\n}</code></pre>\r\n\r\n<p>&nbsp;</p>", "author": 7, "created_at": "2023-06-06T20:11:57.716Z", "updated_at": "2023-06-06T20:11:58.202Z", "image": "", "video": "", "is_text_based": true, "is_image_based": false, "is_video_based": false, "is_approved": true, "upvotes": [], "downvotes": []}}, {"model": "post.post", "pk": 91, "fields": {"group": 22, "title": "Lewandowski scores 5 goals in 9 minutes", "slug": "lewandowski-scores-5-goals-in-9-minutes-osq170", "content": "<p>Robert Lewandowski created history playing for Bayern Munich in the Pep Guardiola era back in 2015, when&nbsp;<strong>he scored five goals in nine minutes</strong>&nbsp;to stun German club Wolfsburg.</p>", "author": 7, "created_at": "2023-06-06T20:14:06.169Z", "updated_at": "2023-06-06T20:36:05.715Z", "image": "", "video": "", "is_text_based": true, "is_image_based": false, "is_video_based": false, "is_approved": true, "upvotes": [7, 15, 16, 17, 19], "downvotes": [20]}}, {"model": "post.post", "pk": 92, "fields": {"group": 24, "title": "What's Your Favorite NPC Dialogue?", "slug": "whats-your-favorite-npc-dialogue-coh356", "content": "<p>Mine is<br />\r\nI was warrior like you once but i took arrow in knee</p>", "author": 7, "created_at": "2023-06-06T20:16:50.389Z", "updated_at": "2023-06-06T20:16:50.843Z", "image": "", "video": "", "is_text_based": true, "is_image_based": false, "is_video_based": false, "is_approved": true, "upvotes": [7], "downvotes": [17]}}, {"model": "post.post", "pk": 93, "fields": {"group": 24, "title": "Hows my Charachter?", "slug": "hows-my-charachter-3guopy", "content": "", "author": 7, "created_at": "2023-06-06T20:22:25.272Z", "updated_at": "2023-06-06T20:43:30.332Z", "image": "post_images/skt.jpg", "video": "", "is_text_based": false, "is_image_based": true, "is_video_based": false, "is_approved": true, "upvotes": [7], "downvotes": [7, 15, 16, 17]}}, {"model": "post.post", "pk": 94, "fields": {"group": 27, "title": "Egg fried Recipe", "slug": "egg-fried-recipe-haul7m", "content": "<p>Ingredients:</p>\r\n\r\n<ul>\r\n\t<li>2 cups cooked rice (preferably day-old rice)</li>\r\n\t<li>2-3 eggs</li>\r\n\t<li>1/2 cup mixed vegetables (carrots, peas, corn, etc.)</li>\r\n\t<li>2 tablespoons soy sauce</li>\r\n\t<li>1 tablespoon oil (vegetable or sesame oil)</li>\r\n\t<li>1/2 teaspoon garlic powder</li>\r\n\t<li>Salt and pepper to taste</li>\r\n\t<li>Optional: chopped green onions for garnish</li>\r\n</ul>\r\n\r\n<p>Instructions:</p>\r\n\r\n<ol>\r\n\t<li>Heat the oil in a large skillet or wok over medium-high heat.</li>\r\n\t<li>Crack the eggs into a bowl and lightly beat them with a fork or whisk.</li>\r\n\t<li>Add the beaten eggs to the hot skillet and scramble them until they are fully cooked. Remove the scrambled eggs from the skillet and set them aside.</li>\r\n\t<li>In the same skillet, add the mixed vegetables and saut&eacute; them until they are tender. If using frozen vegetables, make sure to thaw them first.</li>\r\n\t<li>Add the cooked rice to the skillet with the vegetables and stir-fry for a few minutes until the rice is heated through and starts to slightly crisp.</li>\r\n\t<li>Sprinkle the garlic powder, salt, and pepper over the rice and vegetables. Mix well.</li>\r\n\t<li>Push the rice and vegetables to one side of the skillet and pour the soy sauce into the empty space. Allow it to heat for a few seconds.</li>\r\n\t<li>Add the scrambled eggs back to the skillet and mix everything together, coating the rice and vegetables with the soy sauce.</li>\r\n\t<li>Continue stirring and frying for a couple more minutes until everything is well combined and heated through.</li>\r\n\t<li>Taste and adjust the seasoning if needed.</li>\r\n\t<li>Remove from heat and garnish with chopped green onions if desired.</li>\r\n\t<li>Serve hot and enjoy your delicious egg fried rice!</li>\r\n</ol>\r\n\r\n<p>Note: Feel free to customize this recipe by adding other ingredients like cooked chicken, shrimp, or additional vegetables to suit your taste preferences.</p>", "author": 7, "created_at": "2023-06-06T20:27:33.063Z", "updated_at": "2023-06-06T20:27:33.533Z", "image": "", "video": "", "is_text_based": true, "is_image_based": false, "is_video_based": false, "is_approved": true, "upvotes": [7], "downvotes": []}}, {"model": "post.post", "pk": 95, "fields": {"group": 27, "title": "Made Biryani today!!", "slug": "made-biryani-today-dub6t0", "content": "", "author": 7, "created_at": "2023-06-06T20:29:09.233Z", "updated_at": "2023-06-06T20:29:09.468Z", "image": "post_images/chicken-biryani.jpg", "video": "", "is_text_based": false, "is_image_based": true, "is_video_based": false, "is_approved": true, "upvotes": [7], "downvotes": []}}, {"model": "post.post", "pk": 96, "fields": {"group": 25, "title": "xczcxz", "slug": "xczcxz-vn94bc", "content": "<p>czxczxczxczxc</p>", "author": 17, "created_at": "2023-06-06T20:37:26.957Z", "updated_at": "2023-06-06T20:37:27.383Z", "image": "", "video": "", "is_text_based": true, "is_image_based": false, "is_video_based": false, "is_approved": true, "upvotes": [], "downvotes": []}}, {"model": "post.post", "pk": 97, "fields": {"group": 27, "title": "Give me recipe for salad", "slug": "give-me-recipe-for-salad-i8vvmc", "content": "<p>Same as title</p>", "author": 17, "created_at": "2023-06-07T02:30:13.113Z", "updated_at": "2023-06-07T08:51:52.604Z", "image": "", "video": "", "is_text_based": true, "is_image_based": false, "is_video_based": false, "is_approved": true, "upvotes": [], "downvotes": []}}, {"model": "post.post", "pk": 100, "fields": {"group": 23, "title": "Whats error here", "slug": "whats-error-here-d1w7dt", "content": "<pre>\r\n<code class=\"language-python\">    \r\n    def get_context_data(self, **kwargs):\r\n        context = super().get_context_data(**kwargs)\r\n        \r\n        # Add the latest message of each chat room to the context\r\n        for chatroom in context['chatrooms']:\r\n            latest_message = chatroom.message_set.order_by('-timestamp').first()\r\n            chatroom.other_member = chatroom.get_other_member(self.request.user)\r\n            if latest_message:</code></pre>\r\n\r\n<p>&nbsp;</p>", "author": 7, "created_at": "2023-06-07T08:55:19.246Z", "updated_at": "2023-06-07T08:55:35.108Z", "image": "", "video": "", "is_text_based": true, "is_image_based": false, "is_video_based": false, "is_approved": true, "upvotes": [], "downvotes": []}}, {"model": "post.comment", "pk": 85, "fields": {"comment": "<p>Comment1</p>", "slug": "pcomment1p", "author": 7, "post_date": "2023-06-06T20:02:01.866Z", "post": 87, "created_at": "2023-06-06T20:02:01.866Z", "upvotes": [], "downvotes": []}}, {"model": "post.comment", "pk": 86, "fields": {"comment": "<p>Comment2</p>", "slug": "pcomment2p", "author": 7, "post_date": "2023-06-06T20:02:08.441Z", "post": 87, "created_at": "2023-06-06T20:02:08.441Z", "upvotes": [], "downvotes": []}}, {"model": "post.comment", "pk": 87, "fields": {"comment": "<p>Comment3</p>", "slug": "pcomment3p", "author": 7, "post_date": "2023-06-06T20:02:14.943Z", "post": 87, "created_at": "2023-06-06T20:02:14.943Z", "upvotes": [], "downvotes": []}}, {"model": "post.comment", "pk": 88, "fields": {"comment": "<p>Comment4</p>", "slug": "pcomment4p", "author": 7, "post_date": "2023-06-06T20:02:21.965Z", "post": 87, "created_at": "2023-06-06T20:02:21.965Z", "upvotes": [], "downvotes": []}}, {"model": "post.comment", "pk": 89, "fields": {"comment": "<p>Comment1</p>", "slug": "pcomment1p", "author": 7, "post_date": "2023-06-06T20:03:58.515Z", "post": 84, "created_at": "2023-06-06T20:03:58.515Z", "upvotes": [], "downvotes": []}}, {"model": "post.comment", "pk": 90, "fields": {"comment": "<p>Comment2</p>", "slug": "pcomment2p", "author": 7, "post_date": "2023-06-06T20:04:05.965Z", "post": 84, "created_at": "2023-06-06T20:04:05.965Z", "upvotes": [], "downvotes": []}}, {"model": "post.comment", "pk": 91, "fields": {"comment": "<p>Comment3</p>", "slug": "pcomment3p", "author": 7, "post_date": "2023-06-06T20:04:13.702Z", "post": 84, "created_at": "2023-06-06T20:04:13.702Z", "upvotes": [], "downvotes": []}}, {"model": "post.comment", "pk": 92, "fields": {"comment": "<p>Comment1</p>", "slug": "pcomment1p", "author": 7, "post_date": "2023-06-06T20:04:33.515Z", "post": 85, "created_at": "2023-06-06T20:04:33.515Z", "upvotes": [], "downvotes": []}}, {"model": "post.comment", "pk": 93, "fields": {"comment": "<p>Comment2</p>", "slug": "pcomment2p", "author": 7, "post_date": "2023-06-06T20:04:41.956Z", "post": 85, "created_at": "2023-06-06T20:04:41.956Z", "upvotes": [], "downvotes": []}}, {"model": "post.comment", "pk": 94, "fields": {"comment": "<p>Comment3</p>", "slug": "pcomment3p", "author": 7, "post_date": "2023-06-06T20:04:47.877Z", "post": 85, "created_at": "2023-06-06T20:04:47.877Z", "upvotes": [], "downvotes": []}}, {"model": "post.comment", "pk": 95, "fields": {"comment": "<p>Comment4</p>", "slug": "pcomment4p", "author": 7, "post_date": "2023-06-06T20:04:55.043Z", "post": 85, "created_at": "2023-06-06T20:04:55.043Z", "upvotes": [], "downvotes": []}}, {"model": "post.comment", "pk": 96, "fields": {"comment": "<p>COMMENT5</p>", "slug": "pcomment5p", "author": 7, "post_date": "2023-06-06T20:05:04.345Z", "post": 85, "created_at": "2023-06-06T20:05:04.345Z", "upvotes": [], "downvotes": []}}, {"model": "post.comment", "pk": 97, "fields": {"comment": "<p>comment6</p>", "slug": "pcomment6p", "author": 7, "post_date": "2023-06-06T20:05:11.377Z", "post": 85, "created_at": "2023-06-06T20:05:11.377Z", "upvotes": [], "downvotes": []}}, {"model": "post.comment", "pk": 98, "fields": {"comment": "<p>comment 7</p>", "slug": "pcomment-7p", "author": 7, "post_date": "2023-06-06T20:05:19.595Z", "post": 85, "created_at": "2023-06-06T20:05:19.595Z", "upvotes": [], "downvotes": []}}, {"model": "post.comment", "pk": 99, "fields": {"comment": "<p>comment8</p>", "slug": "pcomment8p", "author": 7, "post_date": "2023-06-06T20:05:26.032Z", "post": 85, "created_at": "2023-06-06T20:05:26.032Z", "upvotes": [], "downvotes": []}}, {"model": "post.comment", "pk": 100, "fields": {"comment": "<p>vadv</p>", "slug": "pvadvp", "author": 7, "post_date": "2023-06-06T20:08:07.186Z", "post": 88, "created_at": "2023-06-06T20:08:07.186Z", "upvotes": [], "downvotes": []}}, {"model": "post.comment", "pk": 101, "fields": {"comment": "<p>sdvsdvsd</p>", "slug": "psdvsdvsdp", "author": 7, "post_date": "2023-06-06T20:08:10.543Z", "post": 88, "created_at": "2023-06-06T20:08:10.543Z", "upvotes": [], "downvotes": []}}, {"model": "post.comment", "pk": 102, "fields": {"comment": "<p>sdvsdvsd</p>", "slug": "psdvsdvsdp", "author": 7, "post_date": "2023-06-06T20:08:13.305Z", "post": 88, "created_at": "2023-06-06T20:08:13.305Z", "upvotes": [], "downvotes": []}}, {"model": "post.comment", "pk": 103, "fields": {"comment": "<p>sdvsdv</p>", "slug": "psdvsdvp", "author": 7, "post_date": "2023-06-06T20:10:31.044Z", "post": 89, "created_at": "2023-06-06T20:10:31.044Z", "upvotes": [], "downvotes": []}}, {"model": "post.comment", "pk": 104, "fields": {"comment": "<p>sdvsdv</p>", "slug": "psdvsdvp", "author": 7, "post_date": "2023-06-06T20:14:15.682Z", "post": 91, "created_at": "2023-06-06T20:14:15.682Z", "upvotes": [7], "downvotes": []}}, {"model": "post.comment", "pk": 105, "fields": {"comment": "<p>sdvsdvsdvsdv</p>", "slug": "psdvsdvsdvsdvp", "author": 7, "post_date": "2023-06-06T20:14:21.000Z", "post": 91, "created_at": "2023-06-06T20:14:21.000Z", "upvotes": [], "downvotes": []}}, {"model": "post.comment", "pk": 106, "fields": {"comment": "<p>dsvsdvsdvsdvsdvsdvsdv</p>", "slug": "pdsvsdvsdvsdvsdvsdvsdvp", "author": 7, "post_date": "2023-06-06T20:14:24.057Z", "post": 91, "created_at": "2023-06-06T20:14:24.057Z", "upvotes": [], "downvotes": []}}, {"model": "post.comment", "pk": 107, "fields": {"comment": "<p>vsdvsdvsdvsdvsdvsd</p>", "slug": "pvsdvsdvsdvsdvsdvsdp", "author": 7, "post_date": "2023-06-06T20:14:26.611Z", "post": 91, "created_at": "2023-06-06T20:14:26.611Z", "upvotes": [], "downvotes": []}}, {"model": "post.comment", "pk": 108, "fields": {"comment": "<p>sdvsdvsdvsdvsdv</p>", "slug": "psdvsdvsdvsdvsdvp", "author": 7, "post_date": "2023-06-06T20:14:29.072Z", "post": 91, "created_at": "2023-06-06T20:14:29.072Z", "upvotes": [], "downvotes": []}}, {"model": "post.comment", "pk": 109, "fields": {"comment": "<p>sdvsdvsdvsdvsdvsdv</p>", "slug": "psdvsdvsdvsdvsdvsdvp", "author": 7, "post_date": "2023-06-06T20:14:31.762Z", "post": 91, "created_at": "2023-06-06T20:14:31.762Z", "upvotes": [], "downvotes": []}}, {"model": "post.comment", "pk": 110, "fields": {"comment": "<p>wewewewewewewe</p>", "slug": "pwewewewewewewep", "author": 7, "post_date": "2023-06-06T20:14:35.339Z", "post": 91, "created_at": "2023-06-06T20:14:35.339Z", "upvotes": [], "downvotes": []}}, {"model": "post.comment", "pk": 111, "fields": {"comment": "<p>cccccccccccc</p>", "slug": "pccccccccccccp", "author": 7, "post_date": "2023-06-06T20:14:43.567Z", "post": 91, "created_at": "2023-06-06T20:14:43.567Z", "upvotes": [], "downvotes": []}}, {"model": "post.comment", "pk": 112, "fields": {"comment": "<p>vzxzxv</p>", "slug": "pvzxzxvp", "author": 7, "post_date": "2023-06-06T20:16:58.045Z", "post": 92, "created_at": "2023-06-06T20:16:58.045Z", "upvotes": [], "downvotes": []}}, {"model": "post.comment", "pk": 113, "fields": {"comment": "<p>xvzvzv</p>", "slug": "pxvzvzvp", "author": 7, "post_date": "2023-06-06T20:17:01.352Z", "post": 92, "created_at": "2023-06-06T20:17:01.352Z", "upvotes": [], "downvotes": []}}, {"model": "post.comment", "pk": 114, "fields": {"comment": "<p>zxcxzcxcxc</p>", "slug": "pzxcxzcxcxcp", "author": 7, "post_date": "2023-06-06T20:22:41.422Z", "post": 93, "created_at": "2023-06-06T20:22:41.422Z", "upvotes": [], "downvotes": []}}, {"model": "post.comment", "pk": 115, "fields": {"comment": "<p>asdfbgvfds</p>", "slug": "pasdfbgvfdsp", "author": 7, "post_date": "2023-06-06T20:22:45.432Z", "post": 93, "created_at": "2023-06-06T20:22:45.432Z", "upvotes": [], "downvotes": []}}, {"model": "post.comment", "pk": 116, "fields": {"comment": "<p>zzzzzzzzzzz</p>", "slug": "pzzzzzzzzzzzp", "author": 7, "post_date": "2023-06-06T20:22:49.633Z", "post": 93, "created_at": "2023-06-06T20:22:49.633Z", "upvotes": [], "downvotes": []}}, {"model": "post.comment", "pk": 117, "fields": {"comment": "<p>scsacascacascascas</p>", "slug": "pscsacascacascascasp", "author": 7, "post_date": "2023-06-06T20:27:58.008Z", "post": 94, "created_at": "2023-06-06T20:27:58.008Z", "upvotes": [], "downvotes": []}}, {"model": "post.comment", "pk": 118, "fields": {"comment": "<p>great</p>", "slug": "pgreatp", "author": 7, "post_date": "2023-06-07T08:52:57.692Z", "post": 91, "created_at": "2023-06-07T08:52:57.692Z", "upvotes": [], "downvotes": []}}, {"model": "post.comment", "pk": 119, "fields": {"comment": "<pre>\r\n<code>   def get_context_data(self, **kwargs):\r\n        context = super().get_context_data(**kwargs)\r\n        \r\n        # Add the latest message of each chat room to the context\r\n        for chatroom in context['chatrooms']:\r\n            latest_message = chatroom.message_set.order_by('-timestamp').first()\r\n            chatroom.other_member = chatroom.get_other_member(self.request.user)\r\n            if latest_message:</code></pre>\r\n\r\n<p>This is correct post</p>", "slug": "pre-code-def-get_context_dataself-kwargs-context-superget_context_datakwargs-add-the-latest-message-of-each-chat-room-to-the-context-for-chatroom-in-contextchatrooms-latest_message-chatroommessage_setorder_by-timestampfirst-chatroomother_member-chatroomget_other_memberselfrequestuser-if-latest_messagecodepre-pthis-is-correct-postp", "author": 7, "post_date": "2023-06-07T08:56:13.259Z", "post": 100, "created_at": "2023-06-07T08:56:13.259Z", "upvotes": [], "downvotes": []}}, {"model": "post.reply", "pk": 50, "fields": {"reply": "<p>Reply1</p>", "slug": "preply1p", "author": 7, "comment": 88, "created_at": "2023-06-06T20:02:32.065Z", "upvotes": [7], "downvotes": []}}, {"model": "post.reply", "pk": 51, "fields": {"reply": "<p>Reply1</p>", "slug": "preply1p", "author": 7, "comment": 88, "created_at": "2023-06-06T20:02:37.282Z", "upvotes": [], "downvotes": []}}, {"model": "post.reply", "pk": 52, "fields": {"reply": "<p>sdvsdbwbsbwdbsdb</p>", "slug": "psdvsdbwbsbwdbsdbp", "author": 7, "comment": 103, "created_at": "2023-06-06T20:10:36.053Z", "upvotes": [], "downvotes": []}}, {"model": "post.reply", "pk": 53, "fields": {"reply": "<p>d df df</p>", "slug": "pd-df-dfp", "author": 7, "comment": 118, "created_at": "2023-06-07T08:53:06.117Z", "upvotes": [], "downvotes": []}}, {"model": "chat.chatroom", "pk": 27, "fields": {"name": "dell+angli", "members": [7, 17]}}, {"model": "chat.message", "pk": 336, "fields": {"sender": 7, "chat_room": 27, "content": "hiiiiiiiiii", "timestamp": "2023-06-07T08:50:25.461Z", "is_read": true}}, {"model": "chat.message", "pk": 337, "fields": {"sender": 17, "chat_room": 27, "content": "svdsdvsdv", "timestamp": "2023-06-07T08:50:37.458Z", "is_read": true}}]
